Product_Category,Quantity,Total_Amount,AOV,Sales_Percent
Electronics,1379,2328806.81,1688.764909354605,47.37637461804155
Home & Garden,1353,908348.86,671.3590983000739,18.479109426526875
Sports,1519,754563.56,496.7502040816327,15.35055880899072
Fashion,1411,375214.93,265.92128277817153,7.633232181231142
Toys,1368,223142.48,163.1158479532164,4.539527143378135
Beauty,1424,156584.74,109.96119382022471,3.1855013777242585
Food,1355,96138.67,70.9510479704797,1.9558091403899118
Books,1291,72744.52,56.34742060418281,1.4798873037173987
